exposure,exposure_label,outcome,outcome_label,n_snp,n_steiger_dropped,F_mean,ivw_b,ivw_se,ivw_p,ivw_or,ivw_lo,ivw_hi,mdOR_80pct,Q,Q_df,Q_p,wm_or,wm_p,egger_or,egger_int_p
E1_EAGLE_criteria,Clinician criteria (EAGLE),O1_FG_depression,Depression (FinnGen R11),12,0,47.82326242564147,0.009117644142287124,0.021335022910987947,0.6691202519041801,1.009159336475257,0.9678298317911513,1.0522537464157673,1.061558449911122,18.218839237009785,11,0.07663971143262935,1.0095686431952875,0.678191308893819,0.9397676954905724,0.4514555643735247
E1_EAGLE_criteria,Clinician criteria (EAGLE),O2_FG_anxiety,Anxiety (FinnGen R11),12,0,47.82326242564147,0.006601308540105687,0.022184481658964274,0.766035767171007,1.0066231452010608,0.9637915178883921,1.0513582425735934,1.0640863553242421,12.241466626203536,11,0.3457694256311269,0.9849710632674665,0.6092732132186545,1.1288311793168282,0.23373243572550656
E1_EAGLE_criteria,Clinician criteria (EAGLE),O3_PGC_MDD,"MDD (PGC 2018, ex-23andMe)",12,0,47.82326242564147,0.02913399373776636,0.02800942440456042,0.2982703671958451,1.0295625401660162,0.9745645938905766,1.0876642048747724,1.0815837350498412,22.164663996368844,11,0.023128155391426684,1.038674364647578,0.17590945422111104,1.1112148900053156,0.53352009453939
E1_EAGLE_criteria,Clinician criteria (EAGLE),O4_FG_asthma,Asthma (FinnGen R11) [positive control],12,0,47.82326242564147,0.19738728641212672,0.038413746141834924,2.770072575449266e-07,1.218215747763293,1.1298629520237224,1.3134775376432735,1.113555989837657,55.86347234800997,11,5.383234462141079e-08,1.2594004921844948,7.724631436169749e-12,1.1208698432248587,0.6279946130282644
E2_UKB_selfreport,UKB hayfever/rhinitis/eczema,O1_FG_depression,Depression (FinnGen R11),148,0,68.94041301972733,-0.006184398983415212,0.018123752909390885,0.7329291620509473,0.9938346850506176,0.9591508140443487,1.029772760182416,1.0520561718095773,260.2604022185378,147,2.5389366661542556e-08,1.0107727013111978,0.6239790066683084,0.9907656385704059,0.9396537350007949
E2_UKB_selfreport,UKB hayfever/rhinitis/eczema,O2_FG_anxiety,Anxiety (FinnGen R11),146,2,69.46196442474013,0.0006787467112338651,0.021110550602100434,0.9743508239294382,1.0006789771119078,0.9601191069574913,1.0429522837087637,1.0608914462129262,215.31710124102023,145,0.0001354932633063302,0.9985338103453006,0.9582227478695075,0.9531833946570699,0.3046671373181238
E2_UKB_selfreport,UKB hayfever/rhinitis/eczema,O3_PGC_MDD,"MDD (PGC 2018, ex-23andMe)",147,0,64.1838058189223,0.019872483109878627,0.020675295089535674,0.3364664613286371,1.0200712554187465,0.9795606783115057,1.0622571823985347,1.0595993089661089,222.781661463891,146,4.402160559171871e-05,1.0544297139307826,0.0578020990347437,0.9989295659407635,0.6708119474449724
E2_UKB_selfreport,UKB hayfever/rhinitis/eczema,O4_FG_asthma,Asthma (FinnGen R11) [positive control],134,14,69.39739142941065,0.4012683552868476,0.028377638783805236,2.1436539709877122e-45,1.493718061859006,1.4129054445937448,1.5791528420115646,1.0826994232024898,491.1257204875281,133,1.650653336256401e-42,1.4963867625961929,1.0137214418731073e-43,1.7124784082937863,0.028099859745122517
E3_UKB_ICD,Hospital ICD record (UK Biobank),O1_FG_depression,Depression (FinnGen R11),16,0,77.3076618091255,0.022940259301081376,0.026018707740379985,0.3779481110530757,1.0232054107149227,0.972333517991568,1.0767388896341354,1.0755717510927472,31.83851901524759,15,0.006771932270022361,0.9815687490829412,0.4609189404337223,0.9795375401648634,0.33902134085059327
E3_UKB_ICD,Hospital ICD record (UK Biobank),O2_FG_anxiety,Anxiety (FinnGen R11),16,0,77.3076618091255,-0.03776843591099785,0.025515973021805305,0.13882309414486832,0.9629358964495817,0.9159626016507005,1.0123181219409236,1.0740587798825352,19.049391554108226,15,0.21150442044607795,0.9604384964531908,0.22289175751475798,0.9637562450224652,0.9850460216623901
E3_UKB_ICD,Hospital ICD record (UK Biobank),O3_PGC_MDD,"MDD (PGC 2018, ex-23andMe)",16,0,56.830004859076084,0.04538719656496424,0.02858623260061029,0.1123475844386661,1.046432956723917,0.9894146044990073,1.1067371837233255,1.0833319722430417,27.778215662378265,15,0.022999281795965165,1.0184114370399966,0.5871535683583857,0.9958636743963463,0.40579811746859007
E3_UKB_ICD,Hospital ICD record (UK Biobank),O4_FG_asthma,Asthma (FinnGen R11) [positive control],16,0,77.3076618091255,0.18667583748186967,0.04757928659403852,8.728314201153377e-05,1.2052365292108964,1.097923244434816,1.3230388360090586,1.1425036087942693,100.63551176220903,15,9.885666507353238e-15,1.081957749481423,0.009915723533890718,1.1340151136993752,0.46780804992714436
E4_allergic_broad,Broad allergic composite,O1_FG_depression,Depression (FinnGen R11),70,0,62.37551309200922,0.02611550815277242,0.02513446814731147,0.2987900123410715,1.0264595060675674,0.9771178113429154,1.0782928172687987,1.0729120682100552,140.96302068950007,69,7.386546327776535e-07,1.0162689640117375,0.5696878724650598,1.0100480739563698,0.8065598886140642
E4_allergic_broad,Broad allergic composite,O2_FG_anxiety,Anxiety (FinnGen R11),70,0,62.37551309200922,0.006455615746023773,0.026479369959101304,0.8073873188419907,1.006476498145418,0.9555731615450038,1.0600914530512957,1.0769599769586755,97.23018143014066,69,0.014202842829151597,1.0206651325676996,0.5705274455902599,0.9317396519683349,0.2635755618567295
E4_allergic_broad,Broad allergic composite,O3_PGC_MDD,"MDD (PGC 2018, ex-23andMe)",66,0,60.17998414796625,0.04828866602568759,0.02656898569321923,0.06914326847187258,1.0494735589647026,0.9962206139920501,1.1055731386168932,1.0772302460308254,92.89973255688815,65,0.01316221331342323,1.0664318149361307,0.06502814715855328,1.033838352738975,0.8346383464721614
E4_allergic_broad,Broad allergic composite,O4_FG_asthma,Asthma (FinnGen R11) [positive control],57,13,60.13922782127986,0.559399868405,0.03746510970785035,2.0644794853819964e-50,1.7496221816124125,1.6257483833720565,1.8829345363031003,1.1106021072062515,181.4952986251856,56,3.6642348021040694e-15,1.7828750032314473,6.719559958639586e-44,2.004338266073049,0.1696875248943034
E5_BUDU_meta,Pooled meta-analysis (2023),O1_FG_depression,Depression (FinnGen R11),62,0,70.26846935414824,0.013473554053522446,0.022627633803368137,0.551544793749581,1.0135647314171268,0.9695952057916939,1.0595282017033596,1.0654075208435374,130.10042649242948,61,6.454229441278235e-07,0.9917367952293128,0.7473752457183942,0.9613693638817412,0.26011284105390714
E5_BUDU_meta,Pooled meta-analysis (2023),O2_FG_anxiety,Anxiety (FinnGen R11),62,0,70.26846935414824,0.0089552946619696,0.020787443881050843,0.6666115664244292,1.0089955132800879,0.9687118348786886,1.050954379995616,1.0599320930028073,68.2471552452862,61,0.24458282424081113,0.998087636525298,0.9480170716435061,0.9406473129077674,0.10158853222526151
E5_BUDU_meta,Pooled meta-analysis (2023),O3_PGC_MDD,"MDD (PGC 2018, ex-23andMe)",60,0,70.67591964948043,0.04134817926923477,0.022744467674078117,0.06907262024453201,1.042214920008811,0.9967742366184907,1.0897271413975296,1.0657561097749426,89.50772712364504,59,0.00635714867725394,1.0361043029319703,0.28055050828468087,1.0279596458009292,0.7415691158559385
E5_BUDU_meta,Pooled meta-analysis (2023),O4_FG_asthma,Asthma (FinnGen R11) [positive control],59,3,71.24470388376638,0.277041402604417,0.03459814535935873,1.1715306639507243e-15,1.319220989089036,1.232727307226619,1.4117834559603195,1.101722437056618,262.03776134241014,58,1.0086277409502435e-27,1.2727419515957543,5.342776320949527e-11,1.1995858246551396,0.17471008873887503
