outcome,outcome_trait,exposure,label,n_snp,b,se,OR
Asthma,OUT_asthma,E1_EAGLE_criteria,Clinician criteria,12,0.19738728641212672,0.038413746141834924,1.218215747763293
Asthma,OUT_asthma,E3_UKB_ICD,Hospital ICD,16,0.18667583748186967,0.04757928659403852,1.2052365292108964
Asthma,OUT_asthma,E5_BUDU_meta,Pooled meta-analysis,62,0.31386215851295185,0.04047097320590906,1.3687010597545286
Asthma,OUT_asthma,E2_UKB_selfreport,Hay fever/rhinitis/eczema,148,0.48652471870702685,0.033757539207497855,1.6266533077379197
Asthma,OUT_asthma,E4_allergic_broad,Allergic composite,70,0.7161803507951899,0.0458376414862422,2.046600964203981
Allergic rhinitis,OUT_rhinitis,E1_EAGLE_criteria,Clinician criteria,12,0.292746241489771,0.05148074548441886,1.340102684820306
Allergic rhinitis,OUT_rhinitis,E3_UKB_ICD,Hospital ICD,16,0.3247735966009812,0.062473497885136835,1.3837173322071452
Allergic rhinitis,OUT_rhinitis,E5_BUDU_meta,Pooled meta-analysis,62,0.460560305590955,0.041700744480231,1.5849617992051668
Allergic rhinitis,OUT_rhinitis,E2_UKB_selfreport,Hay fever/rhinitis/eczema,148,0.7655801785037564,0.03541384862430924,2.150241536749424
Allergic rhinitis,OUT_rhinitis,E4_allergic_broad,Allergic composite,70,0.8510600856545001,0.04647960796165289,2.342128393081011
COPD,OUT_copd,E1_EAGLE_criteria,Clinician criteria,12,0.050998465309898905,0.029403548441671243,1.0523212782949156
COPD,OUT_copd,E3_UKB_ICD,Hospital ICD,16,0.04490787546929857,0.028709837468200904,1.0459314995216682
COPD,OUT_copd,E5_BUDU_meta,Pooled meta-analysis,62,0.13668353541798722,0.03462380090983086,1.1464652754510019
COPD,OUT_copd,E2_UKB_selfreport,Hay fever/rhinitis/eczema,148,0.12657517954734102,0.03040557966511936,1.1349347718512557
COPD,OUT_copd,E4_allergic_broad,Allergic composite,70,0.22023699975056282,0.04122389895100415,1.2463720854598452
IBD,OUT_ibd,E1_EAGLE_criteria,Clinician criteria,12,0.2562294270599876,0.102016672186926,1.2920491249697557
IBD,OUT_ibd,E3_UKB_ICD,Hospital ICD,16,0.22328668661774725,0.10006784403947624,1.2501789319348549
IBD,OUT_ibd,E5_BUDU_meta,Pooled meta-analysis,62,0.1666696288792172,0.08510082855850387,1.1813639123114708
IBD,OUT_ibd,E2_UKB_selfreport,Hay fever/rhinitis/eczema,148,0.1584184972051163,0.05869268535781928,1.171656427060161
IBD,OUT_ibd,E4_allergic_broad,Allergic composite,70,0.10958662849058326,0.08648219687493161,1.1158167282673852
Migraine,OUT_migraine,E1_EAGLE_criteria,Clinician criteria,12,0.03227212388065528,0.031352919901787,1.0327985162086613
Migraine,OUT_migraine,E3_UKB_ICD,Hospital ICD,16,0.022565774271386656,0.032037754927289865,1.022822307344023
Migraine,OUT_migraine,E5_BUDU_meta,Pooled meta-analysis,62,0.01108303999839734,0.025408447562351714,1.0111446844115435
Migraine,OUT_migraine,E2_UKB_selfreport,Hay fever/rhinitis/eczema,148,-0.02329469117545009,0.024366294987005224,0.9769745355731912
Migraine,OUT_migraine,E4_allergic_broad,Allergic composite,70,-0.019363189827948515,0.027905317559974226,0.9808230725833529
Depression,OUT_depression,E1_EAGLE_criteria,Clinician criteria,12,0.009117644142287124,0.021335022910987947,1.009159336475257
Depression,OUT_depression,E3_UKB_ICD,Hospital ICD,16,0.022940259301081376,0.026018707740379985,1.0232054107149227
Depression,OUT_depression,E5_BUDU_meta,Pooled meta-analysis,62,0.013473554053522446,0.022627633803368137,1.0135647314171268
Depression,OUT_depression,E2_UKB_selfreport,Hay fever/rhinitis/eczema,148,-0.006184398983415212,0.018123752909390885,0.9938346850506176
Depression,OUT_depression,E4_allergic_broad,Allergic composite,70,0.02611550815277242,0.02513446814731147,1.0264595060675674
Anxiety,OUT_anxiety,E1_EAGLE_criteria,Clinician criteria,12,0.006601308540105687,0.022184481658964274,1.0066231452010608
Anxiety,OUT_anxiety,E3_UKB_ICD,Hospital ICD,16,-0.03776843591099785,0.025515973021805305,0.9629358964495817
Anxiety,OUT_anxiety,E5_BUDU_meta,Pooled meta-analysis,62,0.0089552946619696,0.020787443881050843,1.0089955132800879
Anxiety,OUT_anxiety,E2_UKB_selfreport,Hay fever/rhinitis/eczema,148,0.0025579712350727595,0.022131079276139973,1.0025612456348374
Anxiety,OUT_anxiety,E4_allergic_broad,Allergic composite,70,0.006455615746023773,0.026479369959101304,1.006476498145418
