family,def_pheno,def_type,def_cases,def_desc,def_prevalence,ref_pheno,ref_type,ref_cases,rg_def_ref,rg_def_ref_se,worst_contaminant,worst_cont_pheno,excess_max,excess_max_se,duplicate_definition,duplicate_by_data_rule
Depression/mental disorder,20002_1286,self-report,20648,"Non-cancer illness code, self-reported: depression",0.0572,KRA_PSY_ANYMENTAL,curated endpoint,4304,0.5781184186090218,0.15302280894989373,Seen GP for nerves/anxiety/depression,2090,0.6807983127646497,0.11748699104877125,False,False
Osteoarthritis,20002_1465,self-report,30046,"Non-cancer illness code, self-reported: osteoarthritis",0.0832,M17,hospital ICD,11497,0.9049562663379881,0.06163595265293636,N self-reported illnesses (reporting propensity),135,0.377078225952146,0.06663454864809519,False,False
Venous thromboembolism,20002_1094,self-report,7237,"Non-cancer illness code, self-reported: deep venous thrombosis (dvt)",0.02,I9_VTE,curated endpoint,4620,0.956756233361748,0.10650468776876826,Health-service contact factors,XXI_HEALTHFACTORS,0.2914443948472265,0.14743735957851886,False,False
Diverticular disease,20002_1458,self-report,4124,"Non-cancer illness code, self-reported: diverticular disease/diverticu",0.0114,K57,hospital ICD,12662,0.8582542871628626,0.09155490690024985,N self-reported illnesses (reporting propensity),135,0.1746106858474472,0.0898733063514684,False,False
Atrial fibrillation,CARDIAC_ARRHYTM,curated endpoint,8801,"Cardiac arrhytmias, COPD co-morbidities",0.0244,I48,hospital ICD,6356,0.992263959293978,0.016728245645556764,Health-service contact factors,XXI_HEALTHFACTORS,0.16650388569733043,0.06797751958545713,False,False
Myocardial infarction,20002_1075,self-report,8239,"Non-cancer illness code, self-reported: heart attack/myocardial infarc",0.0228,I21,hospital ICD,5948,0.9387634161957993,0.06137272017864929,Any hospital ICD episode (hospitalisation propensity),ICDMAIN_ANY_ENTRY,0.1420288211584364,0.07152164126046491,False,False
Osteoarthritis,M13_ARTHROSIS,curated endpoint,24977,#Arthrosis,0.0692,M17,hospital ICD,11497,0.9316953576608501,0.02662288203981922,Any hospital ICD episode (hospitalisation propensity),ICDMAIN_ANY_ENTRY,0.12613429373025653,0.052857742225454404,False,False
Osteoarthritis,M16,hospital ICD,9136,Diagnoses - main ICD10: M16 Coxarthrosis [arthrosis of hip],0.0253,M17,hospital ICD,11497,0.46268352185386824,0.08373164766603924,Any hospital ICD episode (hospitalisation propensity),ICDMAIN_ANY_ENTRY,0.1215101637926505,0.08778124590935363,False,False
Asthma,20002_1111,self-report,41934,"Non-cancer illness code, self-reported: asthma",0.1161,22127,doctor-diagnosed Q,11717,0.9636611919705779,0.04900646212192307,BMI,21001_irnt,0.11651403167733818,0.028500551056692348,False,False
Cholelithiasis,20002_1162,self-report,5941,"Non-cancer illness code, self-reported: cholelithiasis/gall stones",0.0164,K80,hospital ICD,10520,1.135466425604686,0.13930017141730644,College/University degree,6138_1,0.11463512429196487,0.08892744569307785,False,False
Asthma,6152_8,touchscreen composite,41633,"Blood clot, DVT, bronchitis, emphysema, asthma, rhinitis, eczema, alle",0.1153,22127,doctor-diagnosed Q,11717,0.9501535630303325,0.04749461601211432,Townsend deprivation,189_irnt,0.11180631003084347,0.04662728364665306,False,False
Ischaemic heart disease,I9_CHD,curated endpoint,10157,Major coronary heart disease event,0.0281,I25,hospital ICD,12769,0.9941695764814306,0.04620467158188526,Health-service contact factors,XXI_HEALTHFACTORS,0.09857182854851493,0.09615768950113614,False,False
Angina,I9_UAP,curated endpoint,3439,Unstable angina pectoris,0.0095,I20,hospital ICD,6246,0.9136325725536094,0.05687927362298666,N medications taken,137,0.07899927322611833,0.07394331735413631,False,False
Hayfever/rhinitis,6152_9,touchscreen composite,83407,"Blood clot, DVT, bronchitis, emphysema, asthma, rhinitis, eczema, alle",0.2309,20002_1387,self-report,20667,0.9500349372281977,0.03291263417346722,Seen GP for nerves/anxiety/depression,2090,0.07402148128595759,0.04415932384175861,False,False
Gastro-oesophageal reflux,20002_1138,self-report,15210,"Non-cancer illness code, self-reported: gastro-oesophageal reflux (gor",0.0421,K21,hospital ICD,10743,0.8725238823278124,0.11313307992395064,N medications taken,137,0.07360608057907081,0.13047148343333007,False,False
Ischaemic heart disease,I9_IHD,curated endpoint,20857,"Ischaemic heart disease, wide definition",0.0577,I25,hospital ICD,12769,1.0026084094869,0.013891242168772229,Current smoker,20116_2,0.07328763763048424,0.0300302629426505,False,False
Cholelithiasis,K11_GALLBILPANC,curated endpoint,13922,"Disorders of gallbladder, biliary tract and pancreas",0.0385,K80,hospital ICD,10520,1.027621187385781,0.019689916324971326,Health-service contact factors,XXI_HEALTHFACTORS,0.07321705200382089,0.060700664072975835,False,False
Retinal detachment,H7_RETINALDETACH,curated endpoint,3043,Retinal detachments and breaks,0.0084,H33,hospital ICD,2671,0.9873547066649353,0.012982546108435824,Any hospital ICD episode (hospitalisation propensity),ICDMAIN_ANY_ENTRY,0.06785606702225352,0.0317825272096761,False,False
Angina,20002_1074,self-report,11370,"Non-cancer illness code, self-reported: angina",0.0315,I20,hospital ICD,6246,0.9473414988992109,0.08728534420289667,BMI,21001_irnt,0.059945958857055115,0.09363360776046348,False,False
Carpal tunnel syndrome,G6_CARPTU,curated endpoint,7973,Carpal tunnel syndrome,0.0221,G56,hospital ICD,8130,1.0017643854755651,0.012527457197764179,College/University degree,6138_1,0.030959385794633865,0.01358993116326184,False,False
Venous thromboembolism,I9_DVTANDPULM,curated endpoint,4319,DVT of lower extremities and pulmonary embolism,0.012,I9_VTE,curated endpoint,4620,1.0071872682057412,0.006274989928588048,Neuroticism,20127_irnt,0.030935992287710795,0.016783681583240558,False,False
Non-melanoma skin cancer,C3_OTHER_SKIN,curated endpoint,14402,Other malignant neoplasms of skin,0.0399,C44,hospital ICD,9086,0.9696432658560453,0.03051515835298139,N medications taken,137,0.02791219634444851,0.041619669560808134,False,False
Ischaemic heart disease,I9_CORATHER,curated endpoint,14334,Coronary atherosclerosis,0.0397,I25,hospital ICD,12769,1.0118068462894927,0.005175561026746755,Health-service contact factors,XXI_HEALTHFACTORS,0.02348712336332809,0.020314910035687656,False,False
Myocardial infarction,I9_MI,curated endpoint,7018,Myocardial infarction,0.0194,I21,hospital ICD,5948,1.0129096389646783,0.008407304770796084,College/University degree,6138_1,0.008107104904251317,0.013600330820419813,False,False
Shoulder lesion,M13_SHOULDER,curated endpoint,7243,Shoulder lesions,0.0201,M75,hospital ICD,7040,1.0143715599936671,0.00798137267203991,College/University degree,6138_1,0.00789094400231094,0.004986795596761957,True,True
Sleep disorder,SLEEP,curated endpoint,2951,Sleep disorders (combined),0.0082,G47,hospital ICD,2723,1.013937884395311,0.006179763359602045,College/University degree,6138_1,0.007575364885553049,0.0036833573366722235,False,False
Osteoarthritis,KNEE_ARTHROSIS,curated endpoint,11900,Gonarthrosis [arthrosis of knee](FG),0.0329,M17,hospital ICD,11497,1.00974433878769,0.008148164735947965,College/University degree,6138_1,0.003584711618956793,0.0031218055716007273,True,True
Hypertension,6150_4,touchscreen composite,97139,Vascular/heart problems diagnosed by doctor: High blood pressure,0.2689,20002_1065,self-report,93560,1.0167381166996903,0.006430206133078412,Neuroticism,20127_irnt,0.002952561634146325,0.004524411654524381,False,True
Back pain,M13_DORSALGIA,curated endpoint,8799,Dorsalgia,0.0244,M54,hospital ICD,8361,1.0031761414956275,0.010781068573984306,College/University degree,6138_1,0.0018827635711203827,0.0065393219755151555,True,True
