trait1,trait2,n_snp,rg,rg_se,z
AD_allergic_broad,AD_criteria,354314,0.7557807563943442,0.12647408101070431,5.975775829755802
AD_allergic_broad,AD_icd,358335,0.5784218943117663,0.090410192704445,6.397750928400889
AD_allergic_broad,AD_meta,357778,0.8003688861277107,0.0977571514326992,8.187318005872172
AD_allergic_broad,AD_selfreport,340200,0.9106850922749511,0.10423900907115415,8.736509492845546
AD_allergic_broad,OUT_anxiety,348384,0.2113897282155562,0.0452177154125579,4.674931634357822
AD_allergic_broad,OUT_asthma,348384,0.6109079254790509,0.07906100797251754,7.72704448305806
AD_allergic_broad,OUT_copd,348384,0.10395047628571394,0.05019128837713548,2.071086031994913
AD_allergic_broad,OUT_depression,348384,0.21488800047925613,0.043476768927697376,4.942593614456921
AD_allergic_broad,OUT_ibd,348384,0.03962506556392987,0.060697119003598254,0.6528327244260277
AD_allergic_broad,OUT_migraine,348384,0.17086715974692787,0.04620782849363775,3.697796787192763
AD_allergic_broad,OUT_rhinitis,348384,0.8613798741027168,0.09857195977569393,8.738589311431317
AD_criteria,AD_icd,362395,0.7492227508431335,0.2036336733690106,3.679267473044327
AD_criteria,AD_meta,362453,1.2495016232539244,0.21927364031981547,5.698366759595447
AD_criteria,AD_selfreport,342056,0.530202730355901,0.10149179440692434,5.224094553201906
AD_criteria,OUT_anxiety,352034,0.07443638801023324,0.09211132137811844,0.8081133447719274
AD_criteria,OUT_asthma,352034,0.3237419312330049,0.09056230578167211,3.5747977973692824
AD_criteria,OUT_copd,352034,0.11880663303624281,0.09716470543504578,1.222734453877026
AD_criteria,OUT_depression,352034,0.1301134018799511,0.07719005594757129,1.6856238835780373
AD_criteria,OUT_ibd,352034,0.0036447319365111607,0.103812058652934,0.03510894576030211
AD_criteria,OUT_migraine,352034,0.13865126008678821,0.09588152036932339,1.4460686433915653
AD_criteria,OUT_rhinitis,352034,0.49806260039176126,0.13851127475177977,3.5958271359809393
AD_icd,AD_meta,377616,0.9546584885351392,0.1735096888648013,5.502047146652478
AD_icd,AD_selfreport,347591,0.49757696662148004,0.07069572239271552,7.038289585011022
AD_icd,OUT_anxiety,363896,0.11599145052922985,0.0666040363064237,1.7415078268768964
AD_icd,OUT_asthma,363896,0.1923933780735295,0.07825894457068304,2.4584203010783114
AD_icd,OUT_copd,363896,-0.0809924261894751,0.06975556121965017,-1.1610891629764353
AD_icd,OUT_depression,363896,0.09721127152521876,0.058530180395461866,1.660874285170596
AD_icd,OUT_ibd,363896,-0.011836786470507423,0.09176397099786662,-0.1289916548051589
AD_icd,OUT_migraine,363896,0.03847632565486112,0.07423297013786738,0.5183185528398218
AD_icd,OUT_rhinitis,363896,0.45273932713437404,0.09254916934405703,4.891878882794601
AD_meta,AD_selfreport,347192,0.7163933552404476,0.0860144417094085,8.328756671591423
AD_meta,OUT_anxiety,363545,0.16336530849345007,0.05198935311128989,3.142283923859288
AD_meta,OUT_asthma,363545,0.42051474963027213,0.08262170906851159,5.089639930851259
AD_meta,OUT_copd,363545,0.045630367651444605,0.06384952242036239,0.7146547996245078
AD_meta,OUT_depression,363545,0.19716258383244928,0.04860803660222487,4.056172551174899
AD_meta,OUT_ibd,363545,0.035932460297479055,0.09023011231990367,0.3982313595053875
AD_meta,OUT_migraine,363545,0.16192940956744548,0.06212927536306344,2.606330246428632
AD_meta,OUT_rhinitis,363545,0.5421428019682761,0.09482648188242315,5.7172088556494955
AD_selfreport,OUT_anxiety,341988,0.07962085460449339,0.037436577022429016,2.1268198360333774
AD_selfreport,OUT_asthma,341988,0.3656738239450736,0.06051444753231966,6.042752414615929
AD_selfreport,OUT_copd,341988,-0.04543115355804129,0.036969111140902414,-1.2288949383956522
AD_selfreport,OUT_depression,341988,0.05433966462160397,0.036461376918161884,1.490334957551663
AD_selfreport,OUT_ibd,341988,0.07653104259874031,0.05584538976902564,1.3704093196460752
AD_selfreport,OUT_migraine,341988,0.0411771137642938,0.04037452983968885,1.0198784711002626
AD_selfreport,OUT_rhinitis,341988,0.7578317744671293,0.08634596057217371,8.776690530110937
OUT_anxiety,OUT_asthma,364949,0.34167051544882443,0.05194410589497478,6.577657071230456
OUT_anxiety,OUT_copd,364949,0.2937650404481612,0.05521509672310027,5.320375366204132
OUT_anxiety,OUT_depression,364949,0.8676838164376902,0.07167635767796447,12.10557908559077
OUT_anxiety,OUT_ibd,364949,0.18096934655254374,0.06626560411302786,2.7309695425679377
OUT_anxiety,OUT_migraine,364949,0.3541221913672991,0.07023966988046045,5.041626647305901
OUT_anxiety,OUT_rhinitis,364949,0.281284685917344,0.07067995910455085,3.9796950858625073
OUT_asthma,OUT_copd,364949,0.6595736067960033,0.08127786929591388,8.115045491591921
OUT_asthma,OUT_depression,364949,0.442440945121322,0.044789071303064754,9.878323712665312
OUT_asthma,OUT_ibd,364949,0.06438628587452616,0.07227016887003461,0.8909109648036627
OUT_asthma,OUT_migraine,364949,0.34080752420781957,0.06284872562308963,5.422664037003358
OUT_asthma,OUT_rhinitis,364949,0.7715934609139697,0.11792797269179704,6.542921440110884
OUT_copd,OUT_depression,364949,0.41659675267055224,0.05141648051763179,8.102397295118099
OUT_copd,OUT_ibd,364949,0.0641809815853875,0.06124478888059023,1.0479419189528436
OUT_copd,OUT_migraine,364949,0.1584748844884828,0.060166905024026246,2.6339211635566024
OUT_copd,OUT_rhinitis,364949,0.3767739164597338,0.09345598224489254,4.031565528597554
OUT_depression,OUT_ibd,364949,0.09514318677785777,0.05671274650546714,1.677633206649336
OUT_depression,OUT_migraine,364949,0.4743545201059286,0.06546191273584584,7.246267337467823
OUT_depression,OUT_rhinitis,364949,0.28517230311471975,0.06391016432306382,4.462080580378154
OUT_ibd,OUT_migraine,364949,0.05406880031019923,0.05887814577120759,0.9183169680700065
OUT_ibd,OUT_rhinitis,364949,0.09291543866083957,0.08188982933982644,1.1346395444940915
OUT_migraine,OUT_rhinitis,364949,0.37212706039794746,0.09545182872833882,3.8985849234700534
